{
  "Name": "MetronFX",
  "Version": "1.2.2",
  "Factory Info": {
    "Vendor": "echolevel",
    "URL": "echolevel.co.uk",
    "E-Mail": "",
    "Flags": {
      "Unicode": true,
      "Classes Discardable": false,
      "Component Non Discardable": false,
    },
  },
  "Classes": [
    {
      "CID": "ABCDEF019182FAEB4D616E754A757865",
      "Category": "Audio Module Class",
      "Name": "MetronFX",
      "Vendor": "echolevel",
      "Version": "1.2.2",
      "SDKVersion": "VST 3.8.0",
      "Sub Categories": [
        "Fx",
        "Distortion",
        "Reverb",
      ],
      "Class Flags": 0,
      "Cardinality": 2147483647,
      "Snapshots": [
      ],
    },
    {
      "CID": "ABCDEF011234ABCD4D616E754A757865",
      "Category": "Component Controller Class",
      "Name": "MetronFX",
      "Vendor": "echolevel",
      "Version": "1.2.2",
      "SDKVersion": "VST 3.8.0",
      "Sub Categories": [
        "Fx",
        "Distortion",
        "Reverb",
      ],
      "Class Flags": 0,
      "Cardinality": 2147483647,
      "Snapshots": [
      ],
    },
  ],
}
